id;gene_id;cg_perc;temp_melt;sequence
1;1;50;52;AAATTCCGGCCTTTAATGCCGATCG
2;1;50;55;AAATTCCGGCCTTTAATGCCGATCT
3;1;50;51;AAATTCCGGCCTTTAATGCCGATCC
4;1;50;60;AAATTCCGGCCTTTAATGCCGATCA
5;1;50;55;AAATTCCGGCCTTTAATGCCGGTCG
6;1;50;55;AAATTCCGGCCTTTAATGCCGATCG
7;1;50;55;AAATTCCGGCCTTTAATGCCGATCG
8;1;50;55;AAATTCCGGCCTTTAATGCCGATCG
9;1;50;55;AAATTCCGGCCTTTAATGTCGATCG
10;1;50;55;AAATTCCGGCCTTTAATGCCGATCG
11;1;50;55;AAATTCCGGCCTTTAATGCCGATCG
12;1;50;55;AAATTCCGGCCTTTAATGCCGATCG
13;1;50;55;AAATTCCGGCCTTTCATGCCGATCG
14;1;50;55;AAATTCCGGCCTTTAATGCCGATCG
15;1;50;55;AAATTCCGGCCTTTAATGCCGATCG
16;1;50;55;AAATTCCGGCCTTTAATGCCGATCG
17;1;50;55;AAATTCCGGCCTTTAATGCCGATCG
18;1;50;55;AAATTCCGGCCTTTAATGCCGATCG
19;1;50;55;AAATTCCGGCCTTTAATGCCGATCG
20;1;50;55;AAATTCCGGCCTTTAATGCCGATCG
21;1;50;55;AAATTCCGGCCTTTAATGCCGATCG
22;1;50;55;AAATTCCGGCCTTTAATGCCGATCG
23;1;50;55;AAATTCCGGCCTTTAATGCCGATCG
24;1;50;55;AAATTCCGGCCTTTAATGCCGATCG
25;2;50;55;AAATTCCGGCCTTTAATGCCGATCG
26;2;50;55;AAATTCCGGCCTTTAATGCCGATCG
27;2;50;55;AAATTCCGGCCTTTAATGCCGATCG
28;2;50;55;AAATTCCGGCCTTTAATGCCGATCG
29;2;50;55;AAATTCCGGCCTTTAATGCCGATCG
30;2;50;55;AAATTCCGGCCTTTAATGCCGATCG
31;2;50;55;AAATTCCGGCCTTTAATGCCGATCG
32;2;50;55;AAATTCCGGCCTTTAATGCCGATCG
33;2;50;55;AAATTCCGGCCTTTAATGCCGATCG
34;2;50;55;AAATTCCGGCCTTTAATGCCGATCG
35;2;50;55;AAATTCCGGCCTTTAATGCCGATCG
36;2;50;55;AAATTCCGGCCTTTAATGCCGATCG
37;2;50;55;AAATTCCGGCCTTTAATGCCGATCG
38;2;50;55;AAATTCCGGCCTTTAATGCCGATCG
39;2;50;55;AAATTCCGGCCTTTAATGCCGATCG
40;2;50;55;AAATTCCGGCCTTTAATGCCGATCG
41;2;50;55;AAATTCCGGCCTTTAATGCCGATCG
42;2;50;55;AAATTCCGGCCTTTAATGCCGATCG
43;2;50;55;AAATTCCGGCCTTTAATGCCGATCG
44;2;50;55;AAATTCCGGCCTTTAATGCCGATCG
45;2;50;55;AAATTCCGGCCTTTAATGCCGATCG
46;2;50;55;AAATTCCGGCCTTTAATGCCGATCG
47;2;50;55;AAATTCCGGCCTTTAATGCCGATCG
48;2;50;55;AAATTCCGGCCTTTAATGCCGATCG
49;2;50;55;AAATTCCGGCCTTTAATGCCGATCG
50;2;50;55;AAATTCCGGCCTTTAATGCCGATCG
